,Open,High,Low,Close,Volume
2020-01-02,237.0,250.0,237.0,248.5,6697245
2020-01-03,251.0,253.5,242.0,250.0,6732871
2020-01-06,247.5,248.5,243.5,243.5,2144867
2020-01-07,246.0,247.0,234.5,235.5,4679799
2020-01-08,233.5,240.5,232.0,237.0,3509637
2020-01-09,239.0,248.5,238.0,246.0,4002214
2020-01-10,245.0,249.5,243.0,248.0,2482186
2020-01-13,249.0,258.0,246.0,257.5,5206221
2020-01-14,257.0,261.5,256.0,261.5,4914763
2020-01-15,260.0,261.0,253.5,254.0,2589282
2020-01-16,253.5,257.5,249.5,257.5,3367843
2020-01-17,261.0,273.5,261.0,262.0,7821520
2020-01-20,266.0,267.0,260.0,260.5,2700700
2020-01-30,254.5,256.0,244.5,245.0,5782947
2020-01-31,249.0,251.5,243.5,247.5,2967877
2020-02-03,241.5,243.5,238.5,243.5,4396811
2020-02-04,241.5,249.0,241.5,248.0,1841450
2020-02-05,249.0,250.5,243.0,244.0,2944824
2020-02-06,250.0,259.0,249.5,257.5,6271960
2020-02-07,254.0,254.0,249.0,249.5,3851757
2020-02-10,243.0,249.0,243.0,245.0,2599649
2020-02-11,248.0,250.0,246.0,248.0,1644099
2020-02-12,248.5,256.5,248.5,252.5,3249950
2020-02-13,254.0,254.0,251.0,253.0,1742214
2020-02-14,253.5,259.0,253.5,257.0,2465863
2020-02-17,254.0,258.0,253.0,254.0,1548483
2020-02-18,253.0,255.5,249.0,252.0,1844718
2020-02-19,251.5,256.5,251.0,254.5,1507600
2020-02-20,256.0,257.0,249.5,249.5,2212898
2020-02-21,249.0,249.5,245.0,245.5,1619956
2020-02-24,242.0,243.5,239.0,239.0,2746412
2020-02-25,236.5,242.0,234.0,239.0,3744857
2020-02-26,233.0,237.0,230.5,236.0,4919986
2020-02-27,232.5,235.0,225.0,225.0,5600994
2020-03-02,216.0,226.5,209.0,225.0,6934998
2020-03-03,230.0,230.5,226.5,228.5,5976179
2020-03-04,228.5,231.0,223.5,229.0,3729071
2020-03-05,233.5,238.0,232.0,237.5,3424924
2020-03-06,235.0,238.5,235.0,236.0,3286581
2020-03-09,229.0,232.5,227.5,229.5,3406254
2020-03-10,227.0,231.0,227.0,228.0,3879147
2020-03-11,227.5,230.0,225.0,225.0,4738007
2020-03-12,221.0,221.5,203.0,205.0,6824701
2020-03-13,186.0,203.5,185.0,201.5,6903533
2020-03-16,198.0,201.0,187.0,187.0,7348777
2020-03-17,181.0,192.5,180.0,184.5,6141506
2020-03-18,182.5,187.0,179.5,180.0,5435308
2020-03-19,173.0,175.0,162.0,162.0,8599024
2020-03-20,166.0,176.5,166.0,171.0,6859117
2020-03-23,163.0,173.5,162.0,168.5,5843346
2020-03-24,175.0,182.0,174.5,178.0,5288915
2020-03-25,185.0,195.5,185.0,191.0,5869967
2020-03-26,197.5,205.0,191.5,201.0,5385951
2020-03-27,207.5,210.0,200.0,201.0,7167736
2020-03-30,197.5,202.0,194.5,199.0,4308767
2020-03-31,201.0,218.5,201.0,218.5,9692777
2020-04-01,217.0,220.5,210.0,213.0,5583682
2020-04-06,220.5,221.0,214.0,220.0,3424130
2020-04-07,221.0,224.5,218.5,219.5,5036217
2020-04-08,217.0,221.5,216.5,218.0,3505643
2020-04-09,218.0,221.5,215.0,219.0,3772017
2020-04-10,221.0,222.0,217.0,217.5,1618217
2020-04-13,217.0,219.0,215.5,216.0,1948518
2020-04-14,219.0,226.5,218.5,223.0,4430936
2020-04-15,225.5,227.5,222.0,224.5,2871136
2020-04-16,224.0,227.0,221.0,222.5,3577420
2020-04-17,227.5,238.5,226.5,230.5,8672593
2020-04-20,232.5,237.0,230.0,233.0,4531182
2020-04-21,232.5,237.0,230.5,233.5,4157363
2020-04-22,236.0,241.0,232.5,241.0,7030855
2020-04-23,241.0,241.0,235.0,235.5,4312348
2020-04-24,234.0,237.5,231.5,231.5,3329654
2020-04-27,237.5,243.0,236.0,236.0,7131761
2020-04-28,239.5,241.0,235.5,236.5,4009130
2020-04-29,240.5,249.0,240.0,246.5,6313917
2020-04-30,251.0,258.0,249.0,257.5,6834278
2020-05-04,244.0,248.0,239.0,242.0,10382327
2020-05-05,244.0,245.5,239.0,242.0,4178297
2020-05-06,244.5,245.0,240.5,243.5,3190962
2020-05-07,246.0,254.0,246.0,249.5,5717242
2020-05-08,252.0,254.0,250.0,250.5,4224875
2020-05-11,252.0,253.5,250.0,250.0,1895977
2020-05-12,252.0,252.0,243.5,244.0,3624795
2020-05-13,242.0,251.5,242.0,251.5,4114462
2020-05-14,251.5,253.5,246.0,246.0,2520079
2020-05-15,248.0,250.0,237.0,245.5,4792061
2020-05-18,248.0,253.0,242.0,250.0,5391001
2020-05-19,253.5,266.0,253.5,256.0,10665099
2020-05-20,258.5,261.5,252.0,255.5,5811301
2020-05-21,256.5,261.5,256.5,260.5,5339761
2020-05-22,250.0,256.0,246.0,246.5,6934133
2020-05-25,246.5,248.0,239.5,247.0,5238811
2020-05-26,250.0,252.5,248.0,251.0,2708044
2020-05-27,253.0,254.5,250.0,251.0,1563530
2020-05-28,255.0,256.5,253.0,254.5,4503434
2020-05-29,256.0,262.0,253.5,258.5,7441792
2020-06-01,263.0,272.0,263.0,269.5,8738087
2020-06-02,271.5,271.5,265.0,268.0,6636535
2020-06-03,271.0,271.0,265.5,266.0,2638115
2020-06-04,269.0,273.5,266.5,268.0,2871605
2020-06-05,268.0,269.5,267.0,269.5,1630653
2020-06-08,272.0,281.5,271.5,275.0,4964278
2020-06-09,274.5,275.0,268.0,271.0,2668501
2020-06-10,272.0,275.0,270.0,273.5,1932329
2020-06-11,273.0,281.0,271.0,273.5,4010496
2020-06-12,266.5,271.5,264.5,270.5,2847778
2020-06-15,271.5,278.5,270.0,272.0,2917695
2020-06-16,272.0,276.0,268.5,274.5,4085646
2020-06-17,278.0,287.5,275.0,284.5,6036889
2020-06-18,287.0,290.5,283.0,286.0,2916027
2020-06-19,290.0,298.0,289.0,295.0,5569609
2020-06-22,294.5,304.0,293.0,298.5,2949044
2020-06-23,302.0,303.0,294.0,295.0,3536330
2020-06-24,299.5,310.0,297.0,306.5,5332989
2020-06-29,300.5,304.5,297.0,297.5,4483866
2020-06-30,300.0,302.0,297.5,299.0,3338195
2020-07-01,301.5,317.5,301.0,314.0,6039155
2020-07-02,319.5,326.0,315.0,317.0,5310183
2020-07-03,321.5,335.0,321.0,333.5,7097551
2020-07-06,341.0,350.5,338.5,350.0,6004631
2020-07-07,358.0,364.0,340.0,343.5,7885255
2020-07-08,346.5,357.0,345.0,354.0,5562656
2020-07-09,362.0,377.5,358.0,367.5,8905711
2020-07-10,368.5,377.0,355.0,359.5,5637809
2020-07-13,362.0,368.0,350.0,360.5,4605479
2020-07-14,359.0,359.0,353.0,355.0,4394101
2020-07-15,359.0,364.0,348.0,350.0,4405348
2020-07-16,352.5,359.0,349.5,350.5,2752750
2020-07-17,353.0,354.5,341.0,342.5,3535455
2020-07-20,344.5,351.0,337.0,351.0,2976740
2020-07-21,358.0,368.0,356.5,365.0,4829363
2020-07-22,370.0,371.5,364.0,368.5,3720538
2020-07-23,368.0,373.0,361.0,373.0,3108293
2020-07-24,370.0,372.0,360.5,360.5,3916220
2020-07-27,361.0,371.0,360.5,365.0,3282087
2020-07-28,370.0,374.0,358.5,362.0,4002997
2020-07-29,358.0,365.5,357.0,362.0,1732879
2020-07-30,365.0,369.0,363.0,367.0,2067998
2020-07-31,365.5,380.0,365.0,374.5,5301644
2020-08-03,384.0,401.0,378.0,390.0,7947840
2020-08-04,391.5,398.5,386.0,398.0,5134138
2020-08-05,405.5,412.0,399.0,400.0,7085776
2020-08-06,400.0,432.0,400.0,427.5,10661625
2020-08-07,421.5,429.5,400.0,400.5,9629502
2020-08-10,401.5,412.0,400.0,404.0,4445136
2020-08-11,407.0,420.0,404.5,408.5,5410888
2020-08-12,406.5,407.5,390.5,392.5,5100935
2020-08-13,396.0,402.5,391.0,392.5,4526995
2020-08-14,390.5,407.0,390.5,406.5,4839784
2020-08-17,409.5,415.0,400.0,410.0,2955141
2020-08-18,402.0,405.0,382.0,388.5,9346268
2020-08-19,396.0,406.0,393.5,402.5,5173635
2020-08-20,398.0,400.0,368.0,373.0,10035436
2020-08-21,382.0,389.5,371.0,377.0,6679070
2020-08-24,381.0,393.0,375.5,393.0,3470663
2020-08-25,396.0,403.0,392.5,397.0,3485708
2020-08-26,398.5,401.0,392.0,397.0,2730448
2020-08-27,400.0,403.0,390.0,390.0,2839297
2020-08-28,385.0,390.0,381.0,388.5,2164869
2020-08-31,396.0,398.0,380.0,380.0,3699830
2020-09-01,377.5,388.0,376.0,387.5,3652809
2020-09-02,394.0,398.5,388.0,392.0,3187016
2020-09-03,397.0,402.0,394.0,400.0,4513815
2020-09-04,390.5,395.0,378.0,381.5,6300711
2020-09-07,391.0,395.0,379.0,381.5,4484859
2020-09-08,381.0,382.5,367.0,370.0,7111369
2020-09-09,370.0,372.0,355.0,356.0,6520786
2020-09-10,361.5,366.0,355.0,359.5,4326161
2020-09-11,359.5,368.0,357.5,366.0,4261180
2020-09-14,373.0,373.0,365.0,372.0,3943274
2020-09-15,373.0,373.0,363.5,366.5,3453296
2020-09-16,369.0,380.0,368.0,375.5,8005857
2020-09-17,372.5,378.5,369.0,370.5,3525851
2020-09-18,374.0,382.0,373.5,382.0,5840820
2020-09-21,378.5,381.0,373.0,374.5,3116354
2020-09-22,374.5,374.5,367.0,370.5,3063035
2020-09-23,372.5,377.0,371.5,374.5,2856491
2020-09-24,371.5,374.0,363.0,365.5,3009523
2020-09-25,367.0,369.0,349.0,351.5,4279714
2020-09-28,353.5,371.0,352.5,367.0,5181915
2020-09-29,375.0,375.0,366.0,367.0,2237368
2020-09-30,370.0,372.0,362.0,368.5,2923568
2020-10-05,372.0,376.0,366.5,368.0,2841131
2020-10-06,374.0,374.5,370.5,373.5,2361842
2020-10-07,374.0,381.0,372.0,379.0,3098507
2020-10-08,383.5,386.5,375.0,380.5,4791266
2020-10-12,386.5,401.5,385.0,394.5,8732685
2020-10-13,391.0,396.0,387.0,390.5,3380883
2020-10-14,388.5,389.5,381.0,382.0,3561877
2020-10-15,379.0,381.5,374.0,378.0,3191250
2020-10-16,374.5,380.0,372.5,374.0,2007446
2020-10-19,376.0,378.5,372.0,375.0,1764143
2020-10-20,377.5,380.0,372.5,376.5,1653750
2020-10-21,379.0,379.0,373.5,375.5,1588395
2020-10-22,374.0,374.0,360.0,364.5,5620301
2020-10-23,369.5,370.5,363.0,365.0,2599526
2020-10-26,368.5,369.5,363.0,364.0,1533609
2020-10-27,361.0,366.0,358.0,365.5,1749607
2020-10-28,363.0,366.0,360.5,364.0,1571436
2020-10-29,359.0,359.5,355.0,359.0,1476858
2020-10-30,357.5,358.0,355.0,355.5,1800956
2020-11-02,352.0,355.0,344.5,348.0,3755105
2020-11-03,348.0,358.0,348.0,353.5,3143419
2020-11-04,353.5,359.5,342.0,358.5,7096865
2020-11-05,356.5,357.0,352.5,353.0,3734263
2020-11-06,353.0,368.0,353.0,361.5,5052141
2020-11-09,362.5,372.0,360.5,362.0,3844320
2020-11-10,362.0,367.0,346.0,348.5,7527581
2020-11-11,348.5,351.5,344.0,348.0,8297633
2020-11-12,350.0,356.0,349.0,353.0,3617318
2020-11-13,352.5,363.0,352.0,362.5,3388441
2020-11-16,367.5,369.0,364.5,369.0,3336197
2020-11-17,374.0,380.5,371.0,372.0,4318845
2020-11-18,373.5,378.0,372.0,378.0,3469418
2020-11-19,381.5,386.0,378.0,381.0,3568630
2020-11-20,379.0,380.5,373.5,379.5,2325221
2020-11-23,381.5,385.0,380.0,382.0,2228058
2020-11-24,385.0,385.0,373.0,373.5,4152889
2020-11-25,373.5,375.5,366.5,367.5,2845232
2020-11-26,370.5,374.5,369.5,374.5,1394524
2020-11-27,375.0,375.5,369.0,373.5,1974698
2020-11-30,377.0,380.5,371.0,371.0,5365052
2020-12-01,371.5,379.0,371.0,378.5,2154545
2020-12-02,382.0,389.5,382.0,386.0,3911204
2020-12-03,390.0,395.0,379.0,383.5,3286043
2020-12-04,384.0,384.0,374.5,381.5,3011527
2020-12-07,383.0,386.5,378.5,386.5,4752303
2020-12-08,388.0,392.0,387.0,389.0,2830001
2020-12-09,394.0,410.0,391.5,409.0,6143130
2020-12-10,408.0,408.0,394.5,398.0,3411075
2020-12-11,402.0,403.5,386.5,394.5,3382059
2020-12-14,396.0,405.0,395.0,396.5,1743093
2020-12-15,395.5,395.5,387.0,389.0,1729612
2020-12-16,390.0,395.0,390.0,392.0,2101722
2020-12-17,394.5,412.0,394.5,405.0,5568947
2020-12-18,407.5,413.0,403.5,408.0,3484511
2020-12-21,414.5,419.5,398.5,407.0,2787969
2020-12-22,405.0,408.5,395.0,395.5,1833867
2020-12-23,395.5,399.0,391.5,397.0,912569
2020-12-24,400.0,400.0,395.0,396.5,603015
2020-12-25,398.5,408.0,397.0,400.5,1282964
2020-12-28,405.0,406.0,396.0,397.0,1520464
2020-12-29,397.5,399.5,387.0,388.0,3483169
2020-12-30,388.5,392.5,381.5,391.5,3160319
2020-12-31,392.0,394.0,389.5,390.5,1908701
2021-01-04,389.0,394.5,388.5,388.5,4030292
2021-01-05,386.0,387.5,383.0,387.0,3804534
2021-01-06,387.0,409.0,387.0,403.5,7777398
2021-01-07,407.5,412.0,403.0,405.5,4558461
2021-01-08,401.0,405.0,391.0,400.0,3620398
2021-01-11,401.0,432.0,401.0,431.5,8410188
2021-01-12,434.5,446.0,423.0,428.5,6188893
2021-01-13,436.0,449.5,435.0,445.0,6113147
2021-01-14,445.0,455.5,439.0,445.0,4512828
2021-01-15,452.0,455.5,442.0,444.0,3898217
2021-01-18,448.0,451.0,430.0,441.5,5336030
2021-01-19,445.0,475.0,443.0,469.0,5308915
2021-01-20,466.5,483.5,462.0,473.5,6050121
2021-01-21,477.0,501.0,477.0,497.5,7146309
2021-01-22,492.0,512.0,490.0,496.0,4289371
2021-01-25,496.0,508.0,488.0,493.5,3311092
2021-01-26,500.0,503.0,478.0,480.0,4022981
2021-01-27,489.0,500.0,477.0,486.0,5360688
2021-01-28,476.0,492.5,476.0,480.0,5011990
2021-01-29,480.5,485.0,451.5,451.5,8140777
2021-02-01,450.5,469.0,447.5,467.0,3644357
2021-02-02,475.0,483.5,466.0,482.0,4204056
2021-02-03,491.0,500.0,487.0,497.0,6789962
2021-02-04,497.0,497.0,475.0,476.5,5454769
2021-02-05,486.0,505.0,482.0,495.0,5690981
2021-02-17,510.0,524.0,506.0,515.0,5983971
2021-02-18,517.0,517.0,503.0,507.0,3067479
2021-02-19,498.0,502.0,488.0,494.0,4279344
2021-02-22,497.5,499.0,485.0,487.5,3746010
2021-02-23,483.0,484.0,470.0,482.0,5324613
2021-02-24,479.0,488.5,473.0,478.0,3089352
2021-02-25,487.0,489.0,478.0,480.5,2430001
2021-02-26,470.0,472.5,460.0,460.0,4954276
2021-03-02,471.5,478.0,465.5,466.0,3588243
2021-03-03,470.0,471.5,455.0,462.5,3738675
2021-03-04,461.0,464.5,441.5,450.0,5624502
2021-03-05,446.0,459.5,440.5,458.5,4583882
2021-03-08,465.5,469.0,443.0,444.0,5468519
2021-03-09,441.0,447.0,430.0,431.0,4807778
2021-03-10,437.0,439.0,431.0,433.0,2875817
2021-03-11,433.0,444.5,432.0,444.0,3203021
2021-03-12,449.0,454.0,442.0,442.5,2651078
2021-03-15,442.5,448.0,440.0,442.0,1658966
2021-03-16,448.0,455.0,445.5,452.0,3544652
2021-03-17,456.0,461.0,451.0,453.0,3820927
2021-03-18,458.5,468.0,457.0,462.5,3586611
2021-03-19,458.0,458.0,448.5,456.5,3242314
2021-03-22,456.5,461.0,450.5,456.0,1879379
2021-03-23,457.0,465.0,457.0,458.5,2185949
2021-03-24,455.0,459.0,451.0,452.5,1789671
2021-03-25,450.0,467.0,448.5,466.5,3084303
2021-03-26,470.5,485.5,468.0,484.5,5715989
2021-03-29,491.0,495.0,485.5,489.5,3234884
2021-03-30,496.5,503.0,490.5,502.0,5538635
2021-03-31,502.0,502.0,492.5,494.0,2374127
2021-04-01,496.0,499.5,483.0,490.0,2406210
2021-04-06,500.0,509.0,496.5,507.0,2960580
2021-04-07,500.0,505.0,494.0,504.0,2271075
2021-04-08,495.0,507.0,495.0,502.0,2009083
2021-04-09,508.0,511.0,497.5,499.0,2178819
2021-04-12,505.0,505.0,482.0,482.5,3127337
2021-04-13,486.0,504.0,485.5,488.0,3393709
2021-04-14,495.5,507.0,485.0,497.5,4220433
2021-04-15,497.0,501.0,491.0,500.0,2129333
2021-04-16,497.5,502.0,493.0,499.0,2392367
2021-04-19,499.0,505.0,494.0,500.0,2312231
2021-04-20,500.0,506.0,496.0,505.0,2363499
2021-04-21,510.0,520.0,491.5,493.5,4638510
2021-04-22,496.0,505.0,494.5,500.0,3346577
2021-04-23,500.0,519.0,497.0,519.0,4498066
2021-04-26,531.0,546.0,514.0,530.0,5547504
2021-04-27,534.0,548.0,532.0,537.0,4155576
2021-04-28,534.0,542.0,528.0,538.0,2769835
2021-04-29,535.0,541.0,532.0,532.0,2323274
2021-05-03,528.0,539.0,519.0,519.0,2734786
2021-05-04,520.0,524.0,490.0,507.0,3850274
2021-05-05,508.0,514.0,499.0,499.0,2568279
2021-05-06,504.0,521.0,498.5,513.0,3947680
2021-05-07,511.0,520.0,509.0,516.0,1882210
2021-05-10,517.0,521.0,500.0,504.0,1494652
2021-05-11,493.0,497.0,454.0,456.0,4719723
2021-05-12,455.0,459.0,410.5,436.0,5765389
2021-05-13,439.0,462.0,421.0,450.5,5705258
2021-05-14,451.0,466.0,449.0,451.5,3138491
2021-05-17,440.0,459.5,430.0,439.5,2517132
2021-05-18,446.0,481.0,446.0,470.0,3907126
2021-05-19,463.0,475.0,453.5,455.5,2534862
2021-05-20,458.5,459.0,445.0,450.0,2044110
2021-05-21,460.0,460.0,443.0,451.5,2250359
2021-05-24,450.0,458.5,441.0,452.5,1940904
2021-05-25,457.0,474.5,454.0,469.0,3942617
2021-05-26,469.0,493.0,465.5,485.5,3916872
2021-05-27,484.0,489.5,477.0,489.5,4874583
2021-05-28,487.0,502.0,487.0,497.0,2213532
2021-05-31,499.0,504.0,490.0,499.0,2224033
2021-06-01,501.0,509.0,500.0,506.0,1734810
2021-06-02,510.0,510.0,490.5,491.5,2189385
2021-06-03,492.0,503.0,492.0,500.0,1436960
2021-06-04,495.0,503.0,494.5,502.0,763931
2021-06-07,502.0,508.0,483.5,504.0,1812656
2021-06-08,510.0,512.0,501.0,502.0,1047948
2021-06-09,502.0,506.0,496.0,497.5,1459117
2021-06-10,502.0,521.0,501.0,516.0,2651901
2021-06-11,520.0,520.0,513.0,513.0,994568
2021-06-15,517.0,528.0,516.0,518.0,1723127
2021-06-16,518.0,523.0,512.0,516.0,1216517
2021-06-17,511.0,523.0,509.0,519.0,1121688
2021-06-18,522.0,525.0,516.0,516.0,1962186
2021-06-21,512.0,513.0,497.0,499.5,1855371
2021-06-22,491.0,502.0,482.0,487.0,2557525
2021-06-23,489.0,495.0,481.0,484.0,4579029
2021-06-24,490.0,514.0,490.0,510.0,4270546
2021-06-25,510.0,510.0,496.0,496.5,1728895
2021-06-28,498.5,506.0,493.0,498.0,966958
2021-06-29,502.0,511.0,501.0,501.0,1693506
2021-06-30,503.0,511.0,500.0,505.0,1427114
2021-07-01,514.0,514.0,492.0,492.5,2415993
2021-07-02,489.0,508.0,489.0,505.0,1735470
2021-07-05,509.0,522.0,508.0,521.0,2249766
2021-07-06,524.0,524.0,515.0,516.0,992697
2021-07-07,517.0,527.0,512.0,523.0,2208011
2021-07-08,522.0,530.0,517.0,524.0,2100603
2021-07-09,520.0,524.0,508.0,515.0,1633844
2021-07-12,517.0,524.0,517.0,520.0,1126223
2021-07-13,520.0,530.0,517.0,522.0,2547422
2021-07-14,517.0,524.0,517.0,521.0,1140062
2021-07-15,523.0,540.0,522.0,538.0,2856264
2021-07-16,532.0,545.0,529.0,545.0,1728973
2021-07-19,539.0,565.0,535.0,560.0,3813035
2021-07-20,556.0,565.0,548.0,552.0,2204266
2021-07-21,560.0,586.0,558.0,569.0,3290740
2021-07-22,570.0,581.0,563.0,569.0,3040457
2021-07-23,577.0,577.0,558.0,560.0,3313593
2021-07-26,588.0,588.0,563.0,567.0,4325100
2021-07-27,585.0,621.0,583.0,613.0,8166744
2021-07-28,597.0,599.0,575.0,587.0,4819279
2021-07-29,598.0,605.0,572.0,599.0,4422176
2021-07-30,594.0,603.0,587.0,588.0,3368622
2021-08-02,594.0,598.0,581.0,590.0,1897760
2021-08-03,607.0,609.0,582.0,600.0,3292284
2021-08-04,600.0,608.0,592.0,602.0,1772013
2021-08-05,609.0,613.0,601.0,610.0,1810234
2021-08-06,614.0,621.0,597.0,603.0,2376782
2021-08-09,595.0,598.0,585.0,586.0,1565498
2021-08-10,590.0,594.0,575.0,582.0,2003290
2021-08-11,580.0,580.0,556.0,563.0,2262626
2021-08-12,556.0,573.0,556.0,563.0,1752124
2021-08-13,560.0,563.0,542.0,542.0,2287391
2021-08-16,538.0,551.0,530.0,545.0,1692183
2021-08-17,547.0,549.0,529.0,529.0,1728023
2021-08-18,510.0,552.0,510.0,551.0,2446237
2021-08-19,537.0,542.0,517.0,517.0,3064460
2021-08-20,530.0,547.0,522.0,537.0,2567952
2021-08-23,543.0,557.0,540.0,552.0,1616756
2021-08-24,556.0,558.0,548.0,550.0,1936780
2021-08-25,559.0,560.0,549.0,550.0,1272956
2021-08-26,551.0,551.0,536.0,542.0,1812560
2021-08-27,535.0,543.0,532.0,540.0,1544692
2021-08-30,545.0,558.0,542.0,548.0,1467278
2021-08-31,548.0,556.0,543.0,554.0,1595264
2021-09-01,564.0,584.0,557.0,577.0,3110832
2021-09-02,570.0,580.0,566.0,566.0,2058781
2021-09-03,570.0,574.0,558.0,565.0,2055565
2021-09-06,575.0,575.0,553.0,557.0,5031749
2021-09-07,563.0,563.0,540.0,546.0,1843922
2021-09-08,536.0,541.0,520.0,525.0,1574778
2021-09-09,518.0,534.0,516.0,525.0,1423033
2021-09-10,523.0,539.0,523.0,537.0,2205691
2021-09-13,537.0,541.0,532.0,534.0,1178584
2021-09-14,536.0,539.0,525.0,529.0,1323657
2021-09-15,526.0,533.0,516.0,517.0,1897250
2021-09-16,515.0,525.0,513.0,518.0,1328255
2021-09-17,519.0,530.0,513.0,524.0,2516020
2021-09-22,504.0,505.0,480.0,488.5,4489817
2021-09-23,492.5,517.0,492.5,509.0,2718284
2021-09-24,510.0,529.0,503.0,508.0,3350093
2021-09-27,510.0,518.0,502.0,513.0,1881949
2021-09-28,508.0,512.0,501.0,502.0,1022906
2021-09-29,489.0,491.5,477.0,486.0,3626932
2021-09-30,486.0,497.5,482.5,495.5,2339527
2021-10-01,485.5,487.5,471.0,476.5,2647683
2021-10-04,480.0,482.0,460.5,465.0,2381123
2021-10-05,446.0,473.0,445.0,469.0,4617269
2021-10-06,479.0,483.5,469.0,474.5,2554073
2021-10-07,484.0,497.0,483.0,492.0,3179758
2021-10-08,488.0,497.5,478.0,480.5,2853935
2021-10-12,474.0,479.5,462.0,464.0,3347772
2021-10-13,456.5,468.0,447.5,448.5,3208632
2021-10-14,458.0,464.0,453.0,461.5,2675084
2021-10-15,466.5,476.0,465.0,469.0,2869387
2021-10-18,474.0,477.0,460.0,462.0,1673947
2021-10-19,468.5,481.5,465.0,478.0,2629946
2021-10-20,480.0,486.0,474.5,475.0,2120385
2021-10-21,473.0,485.0,473.0,474.0,1917768
2021-10-22,475.0,478.0,469.0,475.0,1332722
2021-10-25,481.0,495.0,478.0,486.0,3334422
2021-10-26,486.0,492.5,483.5,487.0,3131851
2021-10-27,490.0,502.0,486.5,500.0,2170934
2021-10-28,495.5,504.0,494.0,500.0,1965071
2021-10-29,502.0,504.0,494.0,499.0,2457121
2021-11-01,503.0,509.0,492.0,500.0,2999833
2021-11-02,503.0,505.0,491.0,491.5,2250705
2021-11-03,498.0,498.0,484.5,489.5,1511907
2021-11-04,496.5,496.5,481.5,485.5,1555033
2021-11-05,488.0,504.0,488.0,499.5,2757889
2021-11-08,502.0,505.0,497.5,505.0,1034362
2021-11-09,508.0,521.0,506.0,511.0,2315809
2021-11-10,515.0,525.0,511.0,519.0,2280196
2021-11-11,516.0,523.0,511.0,522.0,1389516
2021-11-12,526.0,530.0,518.0,523.0,1588836
2021-11-15,528.0,545.0,527.0,542.0,2478562
2021-11-16,545.0,550.0,536.0,549.0,1666750
2021-11-17,550.0,560.0,545.0,550.0,2222949
2021-11-18,552.0,553.0,546.0,549.0,1130400
2021-11-19,550.0,556.0,545.0,547.0,1180608
2021-11-22,550.0,553.0,548.0,548.0,733655
2021-11-23,543.0,547.0,535.0,544.0,1870463
2021-11-24,544.0,547.0,538.0,542.0,814559
2021-11-25,544.0,553.0,540.0,544.0,978715
2021-11-26,541.0,549.0,533.0,534.0,1719001
2021-11-29,528.0,540.0,521.0,536.0,2135467
2021-11-30,545.0,555.0,537.0,555.0,3557094
2021-12-01,546.0,551.0,542.0,549.0,1447440
2021-12-02,549.0,558.0,549.0,554.0,1386008
2021-12-03,554.0,558.0,550.0,555.0,1266934
2021-12-06,560.0,580.0,558.0,577.0,2992658
2021-12-07,577.0,581.0,559.0,565.0,3232341
2021-12-08,576.0,579.0,565.0,565.0,2115250
2021-12-09,565.0,570.0,558.0,558.0,933952
2021-12-10,555.0,557.0,548.0,554.0,960689
2021-12-13,558.0,561.0,552.0,556.0,558094
2021-12-14,553.0,555.0,544.0,545.0,1200525
2021-12-15,545.0,555.0,541.0,553.0,1061404
2021-12-16,558.0,573.0,553.0,569.0,1890380
2021-12-17,568.0,575.0,562.0,567.0,2036207
2021-12-20,568.0,571.0,552.0,553.0,1587713
2021-12-21,558.0,574.0,556.0,569.0,1261964
2021-12-22,573.0,576.0,566.0,573.0,891580
2021-12-23,579.0,584.0,567.0,572.0,1474972
2021-12-24,575.0,578.0,563.0,564.0,932808
2021-12-27,569.0,579.0,567.0,576.0,985453
2021-12-28,578.0,585.0,577.0,583.0,916325
2021-12-29,582.0,584.0,576.0,578.0,630837
2021-12-30,578.0,583.0,575.0,580.0,585181
2022-01-03,589.0,594.0,571.0,573.0,1956065
2022-01-04,576.0,580.0,556.0,558.0,2501707
2022-01-05,556.0,565.0,556.0,563.0,1860504
2022-01-06,560.0,565.0,548.0,555.0,2932109
2022-01-07,563.0,566.0,548.0,555.0,2274586
2022-01-10,553.0,562.0,548.0,557.0,1986933
2022-01-11,558.0,562.0,539.0,543.0,3637036
2022-01-12,553.0,553.0,539.0,543.0,2767629
2022-01-13,538.0,546.0,534.0,540.0,1876779
2022-01-14,538.0,539.0,527.0,532.0,1637786
2022-01-17,527.0,539.0,527.0,536.0,1267005
2022-01-18,539.0,547.0,536.0,537.0,1547977
2022-01-19,535.0,545.0,533.0,541.0,1334352
2022-01-20,534.0,547.0,534.0,540.0,1272460
2022-01-21,538.0,546.0,537.0,544.0,1874305
2022-01-24,540.0,543.0,530.0,535.0,1602014
2022-01-25,530.0,542.0,527.0,531.0,1962851
2022-01-26,533.0,540.0,526.0,526.0,1502378
2022-02-07,525.0,531.0,503.0,506.0,3059832
2022-02-08,511.0,518.0,504.0,514.0,2432891
2022-02-09,491.0,517.0,491.0,511.0,4694656
2022-02-10,506.0,514.0,505.0,510.0,2629295
2022-02-11,505.0,510.0,500.0,504.0,3092763
2022-02-14,500.0,501.0,486.0,487.5,2699172
2022-02-15,490.0,496.0,488.0,490.0,2381077
2022-02-16,497.0,507.0,496.0,503.0,2610737
2022-02-17,505.0,505.0,489.0,489.0,2496425
2022-02-18,482.0,486.5,479.0,483.0,2553026
2022-02-21,478.0,484.5,470.0,481.5,2808604
2022-02-22,465.5,480.0,465.5,476.0,3011090
2022-02-23,476.0,479.0,468.5,472.0,2569482
2022-02-24,462.0,466.5,450.0,455.0,3960595
2022-02-25,455.0,463.5,447.5,456.0,5421797
2022-03-01,475.0,478.5,468.0,474.5,3354616
2022-03-02,473.0,473.0,465.0,472.0,1483063
2022-03-03,477.0,486.5,476.5,477.5,2571893
2022-03-04,473.0,473.0,466.0,466.5,1804100
2022-03-07,459.0,459.0,445.0,449.0,2741731
2022-03-08,440.0,455.5,440.0,448.0,1997847
2022-03-09,448.0,456.5,448.0,451.0,2352715
2022-03-10,462.0,470.0,461.0,469.0,2075390
2022-03-11,466.0,470.5,462.0,466.0,1249402
2022-03-14,471.0,474.5,460.5,465.0,1260774
2022-03-15,463.5,464.0,446.5,447.5,2215605
2022-03-16,455.0,456.5,440.0,445.0,2390830
2022-03-17,459.0,460.5,450.0,455.0,3186682
2022-03-18,460.0,461.0,451.0,455.0,2964945
2022-03-21,458.0,462.0,456.5,459.5,1243311
2022-03-22,464.5,464.5,456.0,457.5,1213308
2022-03-23,457.5,462.5,454.5,457.5,1956214
2022-03-24,455.5,455.5,447.5,452.5,2140203
2022-03-25,450.0,453.5,446.0,446.0,1986110
2022-03-28,441.0,442.0,428.5,430.5,2663446
2022-03-29,435.0,437.0,428.0,432.5,2037117
2022-03-30,436.0,436.5,430.0,432.5,1734047
2022-03-31,429.5,434.5,429.0,430.5,1426751
2022-04-01,424.0,424.0,415.0,417.0,3563573
2022-04-06,416.0,419.0,403.5,413.0,3135202
2022-04-07,410.0,417.0,406.0,407.5,2008495
2022-04-08,410.5,414.0,405.0,407.0,2777986
2022-04-11,412.0,412.5,394.5,396.0,2154410
2022-04-12,388.0,401.5,387.0,396.0,2532596
2022-04-13,401.0,417.5,400.0,413.5,3207162
2022-04-14,414.0,417.5,409.5,416.0,1941209
2022-04-15,409.0,409.5,398.0,398.0,1887004
2022-04-18,397.0,407.5,394.0,405.5,1438522
2022-04-19,408.0,411.0,400.0,400.0,2987188
2022-04-20,403.0,409.5,402.5,405.0,2357949
2022-04-21,401.0,409.0,401.0,406.0,2137078
2022-04-22,396.5,399.0,393.0,395.0,3098854
2022-04-25,386.0,392.5,380.0,392.0,4082349
2022-04-26,392.0,393.5,380.0,381.0,2683216
2022-04-27,370.5,384.5,370.0,382.5,2465707
2022-04-28,386.0,399.0,383.0,395.0,2537789
2022-04-29,404.0,410.0,400.0,407.5,3243292
2022-05-03,404.0,408.5,398.5,403.0,1264401
2022-05-04,404.0,406.0,402.0,405.0,1271130
2022-05-05,410.0,417.0,410.0,415.0,3152122
2022-05-06,404.5,412.5,402.0,409.0,1809910
2022-05-09,404.5,411.5,403.0,408.0,1324539
2022-05-10,404.0,416.5,400.0,414.5,2250492
2022-05-11,414.0,421.0,412.5,415.0,2039351
2022-05-12,408.0,418.5,407.5,410.5,2815451
2022-05-13,417.0,419.5,414.5,416.5,2084479
2022-05-16,424.0,437.5,422.5,427.0,4834018
2022-05-17,423.5,435.0,420.5,431.5,2969480
2022-05-18,433.0,436.0,429.5,432.0,3039327
2022-05-19,426.0,443.0,425.5,441.5,3756066
2022-05-20,443.0,444.5,435.5,437.5,2533250
2022-05-23,433.5,438.0,426.0,430.5,2256537
2022-05-24,430.5,437.5,422.0,422.0,1620184
2022-05-25,424.5,434.5,423.5,429.0,1453440
2022-05-26,429.0,429.0,412.5,417.5,2956932
2022-05-27,423.0,430.0,422.0,429.5,1996159
2022-05-30,436.0,444.5,434.0,443.5,2877607
2022-05-31,438.5,445.0,438.5,445.0,2600347
2022-06-01,443.0,453.0,441.0,446.0,2191148
2022-06-02,443.0,445.5,439.5,441.5,1778239
2022-06-06,443.5,448.5,432.5,448.5,2030768
2022-06-07,444.0,450.5,440.5,444.5,1456163
2022-06-08,452.0,456.5,446.0,451.0,1862940
2022-06-09,447.5,451.5,446.0,450.0,1089348
2022-06-10,443.0,448.5,441.5,445.5,992193
2022-06-13,437.0,438.0,431.0,433.5,2075047
2022-06-14,428.0,430.0,421.5,428.5,2364193
2022-06-15,423.0,432.0,423.0,426.0,1271122
2022-06-16,435.0,443.5,422.0,429.5,1801057
2022-06-17,417.0,432.0,410.0,432.0,2894833
2022-06-20,428.5,428.5,404.0,404.5,2584079
2022-06-21,409.5,419.5,409.5,419.0,1714274
2022-06-22,418.0,418.0,394.0,395.0,2647899
2022-06-23,391.0,397.0,365.0,381.0,4455469
2022-06-24,391.0,391.0,373.0,375.0,2576709
2022-06-27,385.5,399.0,381.5,388.0,3458444
2022-06-28,385.5,387.0,372.0,376.5,2251667
2022-06-29,368.0,378.5,368.0,374.5,1960139
2022-06-30,367.5,369.0,356.5,363.0,2949260
2022-07-01,364.0,364.5,346.0,347.0,2330471
2022-07-04,347.0,358.0,337.0,339.5,4070209
2022-07-05,343.5,345.5,314.5,324.0,5948377
2022-07-06,324.0,325.0,311.5,313.0,5425486
2022-07-07,319.5,332.0,317.0,328.0,4971341
2022-07-08,334.0,344.0,327.0,335.0,4592962
2022-07-11,338.0,339.5,327.0,330.5,2068693
2022-07-12,317.5,318.0,303.5,313.5,5571846
2022-07-13,324.5,324.5,313.5,313.5,2985349
2022-07-14,310.0,321.5,308.5,320.0,2718822
2022-07-15,324.0,339.5,316.5,332.5,4734053
2022-07-18,335.5,346.0,334.5,346.0,4238034
2022-07-19,341.0,343.5,338.5,339.0,3505367
2022-07-20,350.0,362.0,348.5,354.0,5554603
2022-07-21,356.5,371.5,355.5,371.5,4279287
2022-07-22,372.5,374.0,366.0,369.0,3610489
2022-07-25,370.5,372.5,361.5,362.0,2934708
2022-07-26,359.0,359.0,346.0,352.5,3275335
2022-07-27,351.5,355.5,342.0,355.5,2593027
2022-07-28,359.0,361.0,351.0,354.0,3412555
2022-07-29,343.0,353.5,341.5,342.0,6416275
2022-08-01,338.5,350.0,329.5,347.0,4264668
2022-08-02,344.0,344.0,333.0,339.0,4044758
2022-08-03,332.5,344.0,332.0,343.0,3510160
2022-08-04,340.5,345.5,336.0,344.0,2072161
2022-08-05,349.5,354.0,348.0,352.0,2114140
2022-08-08,348.5,356.0,347.0,349.5,2201326
2022-08-09,348.0,348.0,339.5,344.0,1937828
2022-08-10,338.0,339.0,329.0,329.5,3905184
2022-08-11,335.5,338.5,335.0,336.5,2785922
2022-08-12,336.0,352.0,335.0,349.5,3300944
2022-08-15,357.5,366.5,354.0,363.0,3417406
2022-08-16,366.5,368.5,357.5,361.0,2158092
2022-08-17,361.0,363.0,356.5,361.0,1586344
2022-08-18,356.5,365.5,354.0,365.0,1930973
2022-08-19,366.0,369.5,363.0,364.5,1832870
2022-08-22,358.5,365.0,356.5,361.0,1272584
2022-08-23,357.5,358.0,352.5,352.5,1583784
2022-08-24,353.5,356.5,342.0,343.5,2691468
2022-08-25,346.0,354.0,346.0,350.0,2013910
2022-08-26,353.0,356.5,350.0,353.5,2284568
2022-08-29,343.0,346.0,339.0,342.0,2123089
2022-08-30,345.0,348.0,342.0,343.0,2038800
2022-08-31,342.0,347.0,340.0,346.0,1795767
2022-09-01,341.0,342.0,331.5,333.0,3276728
2022-09-02,335.5,337.5,332.0,332.5,2054982
2022-09-05,328.5,338.5,328.5,331.0,2918054
2022-09-06,338.5,346.5,327.5,330.0,5082063
2022-09-07,326.0,326.0,316.5,319.5,4644964
2022-09-08,326.5,331.5,319.5,331.5,4045408
2022-09-12,310.0,314.5,309.5,313.0,5358383
2022-09-13,315.0,323.0,315.0,317.5,4300875
2022-09-14,310.0,322.0,308.0,321.5,4262448
2022-09-15,322.0,322.0,315.5,315.5,2315049
2022-09-16,313.0,318.5,312.0,318.5,2935204
2022-09-19,318.5,318.5,303.5,306.0,4837208
2022-09-20,309.5,310.5,300.5,305.0,3361603
2022-09-21,301.5,306.0,300.5,305.5,2929923
2022-09-22,301.5,305.5,299.0,305.5,2773500
2022-09-23,305.0,309.5,302.0,303.5,2196283
2022-09-26,300.5,300.5,290.0,294.5,4761286
2022-09-27,294.0,295.5,286.0,289.0,5384734
2022-09-28,290.0,290.5,270.0,271.5,5571299
2022-09-29,277.0,278.5,264.0,266.0,5290159
2022-09-30,259.0,271.5,257.0,270.0,5188626
2022-10-03,265.0,273.5,260.5,269.0,2872788
2022-10-04,278.0,285.0,275.5,278.5,3681180
2022-10-05,282.0,288.0,277.5,279.5,5294405
2022-10-06,281.0,287.0,277.0,278.5,3634768
2022-10-07,274.0,274.0,259.5,259.5,6476342
2022-10-11,249.0,253.0,245.0,247.0,5795306
2022-10-12,246.0,248.0,238.5,242.0,7030049
2022-10-13,239.0,243.5,232.5,234.0,6892828
2022-10-14,242.0,251.0,239.5,246.0,5509047
2022-10-17,241.0,251.0,238.0,251.0,3107713
2022-10-18,254.0,256.0,245.0,252.0,4554261
2022-10-19,250.0,257.5,250.0,251.5,2855117
2022-10-20,247.0,253.5,246.0,253.0,4900249
2022-10-21,252.5,258.5,250.0,252.5,3276655
2022-10-24,259.0,265.0,258.0,260.0,3731430
2022-10-25,258.5,259.0,247.5,251.5,4621795
2022-10-26,251.5,257.5,249.5,254.5,3400302
2022-10-27,255.0,260.0,254.5,256.5,3035220
2022-10-28,256.0,258.0,249.0,255.5,3636987
2022-10-31,250.0,256.0,240.0,255.0,7792232
2022-11-01,253.0,266.0,251.0,259.5,5887787
2022-11-02,262.0,265.5,257.0,262.0,3879464
2022-11-03,257.5,266.5,257.0,264.0,3251118
2022-11-04,265.0,267.5,261.5,267.0,2350551
2022-11-07,270.5,275.0,266.5,274.0,3731582
2022-11-08,275.0,279.5,266.5,268.0,4505788
2022-11-09,272.0,285.0,272.0,284.0,4686739
2022-11-10,285.0,286.5,280.0,283.0,3224233
2022-11-11,301.0,308.0,291.5,300.5,6670416
2022-11-14,305.0,311.0,303.0,307.5,6689485
2022-11-15,308.0,318.0,305.5,315.0,5484457
2022-11-16,318.0,322.5,313.0,322.0,5096067
2022-11-17,320.5,323.5,317.0,322.5,2588270
2022-11-18,323.5,328.5,319.0,321.0,2476785
2022-11-21,325.0,328.5,323.0,325.0,3380626
2022-11-22,323.0,324.0,314.5,323.5,4191567
2022-11-23,330.5,333.0,325.0,327.0,4680284
2022-11-24,332.5,350.0,324.0,343.0,8872868
2022-11-25,344.5,348.0,330.5,330.5,7995094
2022-11-28,319.0,328.0,318.5,321.5,6236813
2022-11-29,309.0,317.5,307.0,314.5,7272001
2022-11-30,315.0,317.0,310.0,317.0,8581682
2022-12-01,323.0,334.5,321.5,333.0,6481722
2022-12-02,324.5,331.0,323.0,326.0,5392152
2022-12-05,324.0,328.5,321.0,322.5,5457026
2022-12-06,318.0,320.0,304.0,305.5,7921014
2022-12-07,305.5,307.5,297.0,297.5,4954719
2022-12-08,293.5,297.0,291.0,292.5,3712580
2022-12-09,297.0,302.0,295.5,299.5,3622045
2022-12-12,296.0,301.0,293.0,299.5,2812095
2022-12-13,295.5,297.0,292.0,292.5,3643419
2022-12-14,293.0,301.5,291.0,301.5,4180353
2022-12-15,298.5,306.5,298.5,302.0,3356546
2022-12-16,295.0,297.0,293.0,293.0,6881645
2022-12-19,291.5,296.0,289.0,294.0,5577840
2022-12-20,291.5,297.5,286.5,286.5,5870086
2022-12-21,288.0,290.5,284.5,285.5,5141516
2022-12-22,291.0,296.0,289.0,290.5,4736051
2022-12-23,286.5,290.5,284.5,289.0,1351501
2022-12-26,291.0,291.0,283.0,286.5,1419765
2022-12-27,289.0,296.5,288.5,293.0,1904304
2022-12-28,290.5,290.5,282.5,283.0,2753365
2022-12-29,279.5,285.0,279.0,282.5,1151240
2022-12-30,288.0,288.0,281.0,281.0,1457623
2023-01-03,282.0,290.0,280.0,289.0,1553152
2023-01-04,288.5,293.5,287.0,289.0,1384482
2023-01-05,290.0,294.5,287.5,289.0,1421693
2023-01-06,289.0,307.0,289.0,307.0,5165562
2023-01-09,315.5,321.0,310.0,321.0,6303305
2023-01-10,321.5,327.0,320.5,323.5,4384315
2023-01-11,323.5,325.0,319.0,323.0,2211568
2023-01-12,323.0,326.5,321.0,323.0,2172921
2023-01-13,328.0,333.0,316.5,317.5,4697325
2023-01-16,321.0,324.0,319.0,321.0,1474136
2023-01-17,321.5,323.0,315.0,316.5,2238704
2023-01-30,324.0,326.0,320.0,323.5,5569816
2023-01-31,321.5,323.0,317.0,320.0,3362337
2023-02-01,323.0,329.5,321.5,329.5,4018982
2023-02-02,333.5,347.0,333.5,347.0,5488651
2023-02-03,348.0,352.0,343.0,348.0,3812037
2023-02-06,345.0,345.0,332.0,333.0,3359746
2023-02-07,333.0,336.5,330.0,334.0,2264733
2023-02-08,340.0,364.5,339.0,364.5,7063538
2023-02-09,362.0,364.0,357.5,361.5,3300971
2023-02-10,360.0,361.0,352.0,357.0,3059098
2023-02-13,352.0,353.0,342.5,345.0,4044071
2023-02-14,349.0,356.0,347.0,355.0,2835423
2023-02-15,352.5,359.5,349.5,353.5,3391192
2023-02-16,353.5,361.0,353.5,359.5,3830795
2023-02-17,355.5,361.5,355.5,359.5,2367715
2023-02-20,363.0,372.0,360.5,368.0,5219661
2023-02-21,370.0,378.0,369.0,370.5,5216648
2023-02-22,370.0,375.0,366.5,370.5,5215204
2023-02-23,378.0,395.0,376.0,382.5,8828826
2023-02-24,389.0,390.0,376.5,380.0,4138971
2023-03-01,375.0,380.5,372.0,379.0,2885931
2023-03-02,380.5,382.5,373.0,380.0,2506490
2023-03-03,383.0,385.0,378.0,379.5,1648427
2023-03-06,385.0,392.5,384.0,388.0,3972789
2023-03-07,390.0,390.0,382.5,387.5,1847820
2023-03-08,382.5,388.0,380.0,387.0,1700281
2023-03-09,389.0,394.0,388.5,390.5,2939820
2023-03-10,384.5,386.0,378.0,379.5,2828952
2023-03-13,376.5,387.0,375.5,386.0,2855093
2023-03-14,381.0,384.0,377.0,379.0,2539879
2023-03-15,382.5,394.0,381.5,384.0,3261570
2023-03-16,381.0,392.0,381.0,392.0,2847765
2023-03-17,399.5,405.0,397.5,397.5,4357313
2023-03-20,400.5,401.0,390.5,391.5,2089485
2023-03-21,395.0,396.0,385.0,389.0,3080108
2023-03-22,393.0,398.0,392.5,393.5,2236808
2023-03-23,393.0,397.0,392.0,396.5,1447418
2023-03-24,397.5,400.5,395.0,396.0,2540790
2023-03-27,396.0,398.0,392.5,393.0,1661193
2023-03-28,395.0,395.0,378.5,380.0,3863513
2023-03-29,387.0,388.0,376.5,379.5,2762108
2023-03-30,379.5,383.5,379.5,382.5,1508921
2023-03-31,385.0,391.0,382.0,387.5,2478044
2023-04-06,384.5,386.0,379.5,380.0,2034669
2023-04-07,384.0,384.0,379.0,379.0,860659
2023-04-10,380.0,384.5,377.5,378.5,1377367
2023-04-11,380.5,386.5,376.5,385.0,2343224
2023-04-12,387.0,392.0,384.0,387.0,2106641
2023-04-13,385.0,387.0,381.5,383.0,1839225
2023-04-14,385.0,392.0,382.5,389.0,2643595
2023-04-17,388.5,400.0,385.0,400.0,3250350
2023-04-18,397.0,402.0,392.0,392.5,2784102
2023-04-19,394.0,396.0,385.0,387.0,2403305
2023-04-20,382.0,388.0,379.0,385.0,2291520
2023-04-21,383.0,384.0,366.5,367.0,5613404
2023-04-24,365.5,372.0,365.0,367.0,4580184
2023-04-25,370.0,370.0,343.0,344.5,6719662
2023-04-26,346.0,346.0,336.5,345.0,4054026
2023-04-27,350.0,361.0,345.5,359.0,4485875
2023-04-28,356.5,364.0,352.0,359.0,3684805
2023-05-02,358.5,365.5,353.0,363.5,2320690
2023-05-03,363.5,368.5,362.5,368.0,1251316
2023-05-04,368.0,375.5,368.0,373.5,2480962
2023-05-05,373.0,373.0,365.5,366.0,2026724
2023-05-08,373.0,377.0,367.5,369.0,3211521
2023-05-09,371.5,372.5,359.0,364.5,1997742
2023-05-10,362.0,372.0,362.0,368.5,1770871
2023-05-11,368.5,375.5,367.0,373.0,2128612
2023-05-12,369.0,371.0,363.0,369.0,2083468
2023-05-15,370.0,371.0,364.5,368.0,1220225
2023-05-16,372.5,375.5,370.5,374.0,1626342
2023-05-17,376.0,378.5,373.0,374.5,1884803
2023-05-18,379.0,379.0,372.0,373.5,1904285
2023-05-19,377.0,377.5,373.0,376.0,1756529
2023-05-22,376.0,377.0,373.5,375.5,1168658
2023-05-23,376.0,377.0,372.5,373.0,1536626
2023-05-24,373.0,373.0,366.0,372.0,1400981
2023-05-25,370.0,376.5,370.0,370.5,1792203
2023-05-26,371.0,380.0,371.0,379.0,2564230
2023-05-29,385.0,393.5,383.5,388.0,3599017
2023-05-30,388.0,388.0,376.0,378.0,3058799
2023-05-31,381.0,387.0,378.5,382.0,2992594
2023-06-01,385.0,385.0,379.0,380.5,2479738
2023-06-02,384.0,387.5,382.0,387.0,2337106
2023-06-05,387.0,389.5,384.0,386.5,1690464
2023-06-06,391.0,393.5,387.5,392.0,1964794
2023-06-07,397.0,402.0,396.5,401.5,3090201
2023-06-08,402.0,402.0,391.0,395.0,2727000
2023-06-09,399.0,404.5,396.5,403.0,2675818
2023-06-12,410.0,410.0,399.0,404.0,2002495
2023-06-13,406.5,415.5,404.5,414.5,2568189
2023-06-14,417.0,417.0,405.0,407.0,1715402
2023-06-15,412.0,412.5,405.5,407.0,2205430
2023-06-16,408.0,408.0,399.0,401.0,3026911
2023-06-19,399.0,402.5,396.0,400.0,895170
2023-06-20,401.5,401.5,392.0,392.0,2418368
2023-06-21,395.0,395.0,387.0,391.0,2413103
2023-06-26,387.0,390.0,383.5,387.5,1432738
2023-06-27,387.5,393.5,385.0,388.0,1709087
2023-06-28,392.5,392.5,383.5,387.0,1401744
2023-06-29,390.0,395.0,388.0,393.0,1300538
2023-06-30,391.0,394.0,381.0,387.5,2572540
2023-07-03,390.0,394.5,389.5,392.0,1158377
2023-07-04,391.0,396.0,389.0,393.5,1494173
2023-07-05,393.5,395.0,385.5,387.5,2282107
2023-07-06,383.5,390.5,381.0,385.0,3075303
2023-07-07,385.0,386.5,381.0,383.0,2063993
2023-07-10,379.0,382.5,378.0,379.0,1880897
2023-07-11,383.0,391.5,382.5,390.5,1408733
2023-07-12,387.5,396.0,386.5,394.5,1634146
2023-07-13,396.0,406.0,396.0,399.5,2551707
2023-07-14,409.0,415.0,405.5,408.0,3230059
2023-07-17,408.0,410.5,402.0,408.5,1872272
2023-07-18,414.0,418.0,409.0,417.5,3761574
2023-07-19,417.0,420.0,411.5,415.0,3888910
2023-07-20,412.5,413.5,408.0,410.5,2351545
2023-07-21,404.0,415.0,399.0,415.0,3913217
2023-07-24,411.5,411.5,403.0,406.5,3497317
2023-07-25,409.0,410.0,403.5,404.0,1692125
2023-07-26,409.0,409.0,398.0,399.5,2333514
2023-07-27,401.5,413.0,401.5,409.5,2356665
2023-07-28,406.5,429.5,405.0,423.5,4064005
2023-07-31,430.0,438.0,425.0,430.5,4791437
2023-08-01,429.5,432.5,423.0,432.5,2078009
2023-08-02,435.0,450.0,433.5,439.0,5637694
2023-08-04,432.5,437.0,423.0,428.0,4777664
2023-08-07,421.0,422.0,408.0,415.0,4158167
2023-08-08,413.0,420.5,409.0,410.0,3004132
2023-08-09,413.0,414.5,403.5,407.0,2070642
2023-08-10,401.0,404.5,396.0,398.5,4027924
2023-08-11,398.5,402.0,394.0,398.0,2040374
2023-08-14,398.0,408.0,398.0,408.0,2317245
2023-08-15,410.0,413.0,403.0,404.0,1873518
2023-08-16,402.0,411.5,401.0,411.0,2005766
2023-08-17,405.0,410.5,404.0,407.5,1346608
2023-08-18,405.5,418.5,405.0,417.5,2645264
2023-08-21,427.5,427.5,413.0,417.0,2455769
2023-08-22,419.0,420.0,408.5,412.0,1619944
2023-08-23,412.0,415.0,408.5,415.0,947626
2023-08-24,413.0,426.0,413.0,425.5,2132099
2023-08-25,422.0,432.0,421.5,430.0,1730953
2023-08-28,430.0,433.0,424.0,427.0,1916651
2023-08-29,430.0,430.0,418.0,424.5,2619739
2023-08-30,426.0,433.5,422.0,425.5,3124458
2023-08-31,429.0,430.0,418.0,418.0,4830598
2023-09-01,425.0,427.5,418.5,426.5,3047412
2023-09-04,429.0,435.0,421.0,435.0,2597625
2023-09-05,429.5,449.0,429.5,449.0,4491901
2023-09-06,458.0,458.0,443.0,448.5,3531720
2023-09-07,446.5,448.0,441.0,446.0,2772144
2023-09-08,445.0,446.0,438.5,445.5,3742754
2023-09-11,421.0,421.0,404.0,405.0,9640354
2023-09-12,409.0,409.0,397.5,401.0,3480087
2023-09-13,399.0,400.0,392.0,395.0,4314189
2023-09-14,399.0,411.0,399.0,411.0,2532744
2023-09-15,413.0,419.0,412.0,416.0,3079502
2023-09-18,413.5,423.0,410.5,418.0,2255786
2023-09-19,420.0,422.0,407.0,414.0,2973157
2023-09-20,412.5,414.5,402.5,404.0,2621404
2023-09-21,392.0,396.0,386.0,390.0,4946813
2023-09-22,389.0,393.5,383.0,392.5,1623923
2023-09-25,398.5,416.0,395.0,405.0,4800802
2023-09-26,402.5,403.5,397.0,398.0,1651302
2023-09-27,393.0,396.5,389.0,392.5,2355249
2023-09-28,392.5,398.0,392.5,395.0,1378726
2023-10-02,398.0,403.0,394.0,398.5,1125706
2023-10-03,398.0,406.0,397.0,404.0,1484504
2023-10-04,398.5,403.5,396.5,402.5,1685718
2023-10-05,403.5,410.0,402.0,410.0,2114104
2023-10-06,410.5,410.5,404.5,407.5,1296209
2023-10-11,411.5,422.0,410.5,415.5,3165411
2023-10-12,419.0,422.0,414.5,419.5,2274109
2023-10-13,416.0,423.5,413.0,422.0,2789701
2023-10-16,419.0,426.5,418.0,423.0,2248441
2023-10-17,423.0,424.0,415.0,415.5,2237858
2023-10-18,414.0,419.0,411.0,414.0,2233383
2023-10-19,414.5,422.0,413.0,421.5,1510431
2023-10-20,415.5,423.5,413.0,423.0,2048132
2023-10-23,407.5,408.5,396.0,396.5,5719907
2023-10-24,390.5,398.0,389.0,395.5,2790576
2023-10-25,396.0,404.5,396.0,401.5,1274235
2023-10-26,397.0,399.0,393.0,393.0,2368644
2023-10-27,390.0,394.0,382.0,391.5,3442166
2023-10-30,386.5,406.0,386.5,405.0,2125602
2023-10-31,406.0,409.0,400.5,401.5,1949921
2023-11-01,403.5,408.0,401.0,405.5,1342998
2023-11-02,410.0,413.0,405.5,408.0,1737694
2023-11-03,408.5,411.0,404.0,405.5,1901222
2023-11-06,409.5,414.0,407.0,410.5,2000492
2023-11-07,411.0,411.0,404.0,406.0,1430883
2023-11-08,410.0,419.5,406.5,415.0,4018574
2023-11-09,415.0,416.5,407.0,412.5,1574152
2023-11-10,409.0,412.0,406.5,407.5,1120976
2023-11-13,413.5,417.0,410.5,412.0,1553544
2023-11-14,417.0,424.0,414.5,418.5,2541626
2023-11-15,422.0,424.5,416.0,417.5,1793214
2023-11-16,419.5,419.5,412.0,416.0,1484940
2023-11-17,414.0,429.0,414.0,428.0,3270347
2023-11-20,429.5,433.0,426.0,427.5,1372494
2023-11-21,432.0,439.0,429.5,430.5,1988647
2023-11-22,430.5,436.0,427.5,435.5,1294713
2023-11-23,437.5,438.5,432.0,433.5,2143754
2023-11-24,433.5,448.5,433.5,439.0,2860042
2023-11-27,439.5,456.5,439.5,449.0,4580129
2023-11-28,449.0,454.5,443.0,451.5,2647825
2023-11-29,451.5,464.5,450.0,462.5,3935839
2023-11-30,456.0,456.5,449.5,449.5,4278150
2023-12-01,444.0,455.5,442.0,449.0,2171094
2023-12-04,446.0,450.0,444.0,450.0,1283925
2023-12-05,449.5,453.0,443.5,447.0,1893741
2023-12-06,444.0,451.5,442.5,451.5,1409468
2023-12-07,448.0,448.5,438.0,441.5,1694551
2023-12-08,446.5,450.0,443.0,444.5,1281189
2023-12-11,447.5,452.5,445.5,451.0,1808692
2023-12-12,455.0,459.5,452.5,457.0,2735610
2023-12-13,460.0,468.5,457.5,468.5,3958835
2023-12-14,470.0,492.0,467.0,492.0,5362728
2023-12-15,490.5,490.5,476.0,479.0,4330346
2023-12-18,475.0,476.0,462.5,470.0,4294311
2023-12-19,459.0,475.0,454.0,474.0,6972743
2023-12-20,474.0,476.0,463.0,465.5,3995630
2023-12-21,461.5,465.5,457.0,459.0,3438449
2023-12-22,461.0,466.5,460.0,464.0,2060495
2023-12-25,465.0,473.0,464.5,470.0,2062022
2023-12-26,475.5,479.5,470.5,479.0,2240077
2023-12-27,483.5,483.5,465.5,468.0,4122016
2023-12-28,468.0,472.0,464.5,465.0,1860522
2023-12-29,466.5,472.0,462.0,471.5,1772487
2024-01-02,468.5,472.0,457.5,458.0,3171380
2024-01-03,457.5,457.5,450.0,452.0,3174005
2024-01-04,454.5,459.0,451.5,456.0,1973729
2024-01-05,454.0,454.0,446.0,450.5,2396086
2024-01-08,451.5,458.0,448.0,450.5,1561232
2024-01-09,457.5,457.5,447.0,451.5,2906507
2024-01-10,454.5,458.0,449.5,456.0,2159527
2024-01-11,456.5,459.0,448.0,450.5,2046614
2024-01-12,447.5,452.5,446.0,447.0,1457529
2024-01-15,450.0,460.0,449.5,455.0,1826542
2024-01-16,450.5,453.0,447.0,453.0,2383986
2024-01-17,446.0,449.0,438.5,438.5,3939062
2024-01-18,439.0,443.5,433.5,440.0,2266299
2024-01-19,447.0,458.0,446.0,458.0,3771686
2024-01-22,451.0,457.0,448.0,449.5,3444422
2024-01-23,451.0,452.0,441.5,447.0,2919473
2024-01-24,453.5,456.0,443.5,448.5,3941810
2024-01-25,453.0,459.5,452.0,459.0,3386743
2024-01-26,450.5,457.5,450.0,453.5,1385875
2024-01-29,451.5,458.0,449.0,455.5,1304987
2024-01-30,455.0,459.0,453.5,453.5,1437916
2024-01-31,462.0,470.0,456.0,469.5,4375568
2024-02-01,473.0,473.0,460.5,464.5,3026306
2024-02-02,466.5,483.5,458.0,469.5,6359584
2024-02-05,469.5,471.0,458.5,463.5,2748667
2024-02-15,470.5,471.0,458.5,469.0,2979072
2024-02-16,470.0,476.0,466.5,473.5,2209935
2024-02-19,475.0,475.0,469.0,470.0,2269477
2024-02-20,488.0,517.0,484.0,487.5,13912165
2024-02-21,481.5,507.0,479.0,501.0,8055503
2024-02-22,508.0,533.0,506.0,532.0,9466672
2024-02-23,554.0,563.0,540.0,547.0,13079283
2024-02-26,541.0,556.0,535.0,551.0,4381622
2024-02-27,557.0,582.0,554.0,567.0,10458259
2024-02-29,566.0,573.0,556.0,569.0,5622288
2024-03-01,578.0,579.0,565.0,565.0,5684340
2024-03-04,566.0,578.0,555.0,573.0,7222034
2024-03-05,577.0,587.0,568.0,584.0,5395969
2024-03-06,586.0,611.0,578.0,600.0,6870734
2024-03-07,604.0,614.0,593.0,601.0,6036780
2024-03-08,619.0,620.0,578.0,587.0,7906613
2024-03-11,590.0,605.0,589.0,604.0,5020977
2024-03-12,603.0,604.0,593.0,601.0,2661714
2024-03-13,598.0,613.0,590.0,593.0,4346001
2024-03-14,589.0,592.0,567.0,580.0,5565491
2024-03-15,578.0,594.0,572.0,594.0,5711854
2024-03-18,580.0,592.0,573.0,590.0,5460206
2024-03-19,590.0,598.0,582.0,591.0,4988183
2024-03-20,595.0,603.0,584.0,588.0,4491315
2024-03-21,598.0,598.0,570.0,584.0,5393528
2024-03-22,587.0,592.0,576.0,591.0,4332151
2024-03-25,592.0,592.0,582.0,584.0,2837904
2024-03-26,587.0,590.0,554.0,565.0,6540318
2024-03-27,574.0,574.0,560.0,573.0,3441105
2024-03-28,568.0,570.0,549.0,557.0,5550072
2024-03-29,553.0,561.0,551.0,560.0,2314914
2024-04-01,560.0,563.0,553.0,559.0,2098741
2024-04-02,559.0,572.0,559.0,568.0,3496546
2024-04-03,573.0,577.0,564.0,571.0,3261263
2024-04-08,570.0,573.0,563.0,567.0,2764955
2024-04-09,572.0,576.0,562.0,568.0,2401506
2024-04-10,568.0,577.0,566.0,571.0,2218106
2024-04-11,575.0,575.0,560.0,567.0,2465231
2024-04-12,562.0,571.0,562.0,569.0,2637427
2024-04-15,567.0,567.0,556.0,561.0,2079465
2024-04-16,549.0,557.0,547.0,551.0,3843545
2024-04-17,555.0,578.0,555.0,570.0,4790098
2024-04-18,576.0,577.0,565.0,574.0,3165200
2024-04-19,567.0,570.0,548.0,552.0,5189059
2024-04-22,537.0,541.0,501.0,504.0,9089889
2024-04-23,514.0,518.0,505.0,510.0,3285746
2024-04-24,527.0,540.0,524.0,538.0,4060986
2024-04-25,548.0,548.0,520.0,523.0,3542418
2024-04-26,530.0,531.0,514.0,520.0,4942839
2024-04-29,523.0,536.0,520.0,527.0,4036490
2024-04-30,526.0,526.0,517.0,518.0,2734607
2024-05-02,516.0,517.0,506.0,511.0,4177397
2024-05-03,520.0,522.0,508.0,511.0,2846462
2024-05-06,511.0,515.0,508.0,511.0,2186605
2024-05-07,521.0,527.0,509.0,525.0,4003205
2024-05-08,525.0,531.0,522.0,528.0,2355673
2024-05-09,533.0,538.0,530.0,532.0,2826520
2024-05-10,532.0,532.0,516.0,517.0,4408599
2024-05-13,520.0,531.0,520.0,527.0,2694048
2024-05-14,535.0,536.0,525.0,536.0,3197746
2024-05-15,540.0,541.0,530.0,531.0,2580944
2024-05-16,537.0,547.0,536.0,547.0,4066018
2024-05-17,537.0,537.0,527.0,530.0,3974953
2024-05-20,534.0,539.0,525.0,531.0,3519585
2024-05-21,531.0,534.0,525.0,529.0,2732338
2024-05-22,534.0,538.0,530.0,537.0,2273042
2024-05-23,531.0,545.0,531.0,539.0,3253349
2024-05-24,532.0,534.0,528.0,528.0,2365813
2024-05-27,533.0,545.0,530.0,532.0,3329959
2024-05-28,540.0,546.0,536.0,541.0,4695167
2024-05-29,557.0,566.0,550.0,561.0,6574990
2024-05-30,556.0,577.0,553.0,570.0,6990460
2024-05-31,572.0,574.0,541.0,543.0,7766865
2024-06-03,552.0,564.0,540.0,550.0,9111367
2024-06-04,549.0,551.0,523.0,534.0,8421862
2024-06-05,535.0,537.0,517.0,523.0,8407423
2024-06-06,534.0,540.0,524.0,536.0,8993493
2024-06-07,539.0,540.0,527.0,530.0,6851701
2024-06-11,528.0,538.0,526.0,534.0,6191598
2024-06-12,531.0,547.0,531.0,541.0,6500671
2024-06-13,550.0,574.0,544.0,573.0,6525931
2024-06-14,580.0,580.0,564.0,569.0,3097127
2024-06-17,571.0,571.0,559.0,561.0,2123076
2024-06-18,561.0,567.0,556.0,561.0,2633464
2024-06-19,567.0,567.0,555.0,558.0,2960278
2024-06-20,560.0,577.0,559.0,563.0,3204505
2024-06-21,560.0,564.0,555.0,560.0,4816820
2024-06-24,554.0,556.0,529.0,531.0,4069144
2024-06-25,534.0,535.0,525.0,532.0,2663127
2024-06-26,537.0,537.0,526.0,530.0,2851169
2024-06-27,525.0,530.0,517.0,530.0,2600068
2024-06-28,531.0,547.0,529.0,546.0,6978235
2024-07-01,540.0,548.0,526.0,531.0,6583698
2024-07-02,528.0,537.0,521.0,537.0,6188036
2024-07-03,539.0,547.0,536.0,544.0,5359759
2024-07-04,549.0,551.0,535.0,550.0,5211843
2024-07-05,551.0,554.0,540.0,554.0,4625845
2024-07-08,554.0,557.0,543.0,553.0,4258174
2024-07-09,551.0,573.0,549.0,573.0,5968173
2024-07-10,574.0,574.0,560.0,570.0,3734372
2024-07-11,570.0,582.0,568.0,581.0,3018312
2024-07-12,578.0,585.0,569.0,571.0,3067632
2024-07-15,573.0,574.0,564.0,568.0,1164528
2024-07-16,569.0,570.0,557.0,559.0,2247711
2024-07-17,555.0,561.0,543.0,555.0,3100061
2024-07-18,550.0,550.0,538.0,544.0,3025412
2024-07-19,542.0,545.0,532.0,534.0,2239485
2024-07-22,530.0,530.0,508.0,513.0,2749949
2024-07-23,515.0,532.0,515.0,527.0,1840665
2024-07-26,512.0,524.0,509.0,520.0,2155172
2024-07-29,526.0,529.0,499.5,502.0,2837307
2024-07-30,497.0,505.0,490.0,502.0,3956357
2024-07-31,518.0,528.0,511.0,512.0,4357196
2024-08-01,521.0,526.0,513.0,517.0,2182274
2024-08-02,506.0,519.0,500.0,500.0,2322734
2024-08-05,480.0,481.0,454.0,465.0,3138800
2024-08-06,479.5,480.0,452.0,463.5,2736696
2024-08-07,475.0,493.0,475.0,489.0,2033839
2024-08-08,487.0,495.0,486.0,487.0,2564719
2024-08-09,498.0,512.0,492.0,499.5,2045784
2024-08-12,502.0,514.0,502.0,509.0,1164008
2024-08-13,514.0,523.0,510.0,518.0,1233659
2024-08-14,524.0,532.0,520.0,529.0,2288593
2024-08-15,530.0,530.0,517.0,517.0,1380597
2024-08-16,526.0,534.0,523.0,526.0,1944682
2024-08-19,526.0,556.0,526.0,550.0,3541778
2024-08-20,554.0,558.0,546.0,547.0,1588919
2024-08-21,542.0,548.0,536.0,537.0,1367706
2024-08-22,537.0,553.0,537.0,545.0,1161383
2024-08-23,540.0,545.0,533.0,540.0,1563903
2024-08-26,544.0,544.0,535.0,537.0,926611
2024-08-27,534.0,541.0,532.0,535.0,975279
2024-08-28,536.0,539.0,524.0,532.0,920980
2024-08-29,525.0,542.0,525.0,537.0,1004243
2024-08-30,537.0,543.0,535.0,535.0,2911992
2024-09-02,539.0,544.0,536.0,537.0,2269326
2024-09-03,535.0,542.0,531.0,533.0,2076340
2024-09-04,510.0,522.0,498.5,510.0,2443903
2024-09-05,499.0,502.0,488.5,488.5,3565278
2024-09-06,490.0,510.0,488.5,504.0,2038707
2024-09-09,493.5,500.0,492.0,495.0,1970607
2024-09-10,496.0,500.0,486.5,489.0,1754846
2024-09-11,491.0,501.0,490.0,495.5,1056932
2024-09-12,510.0,512.0,501.0,509.0,1136445
2024-09-13,508.0,510.0,500.0,506.0,1288620
2024-09-16,488.5,488.5,462.5,468.0,7286730
2024-09-18,472.0,472.5,463.0,465.0,4079319
2024-09-19,467.0,474.0,463.5,473.0,2629145
2024-09-20,476.0,478.0,468.5,470.0,4792118
2024-09-23,474.5,481.0,471.0,480.5,2344615
2024-09-24,480.5,482.5,472.0,481.0,1828580
2024-09-25,485.0,494.5,479.0,490.0,3723307
2024-09-26,487.0,495.5,487.0,491.0,3079207
2024-09-27,497.0,497.0,490.0,494.0,2651472
2024-09-30,488.0,489.5,471.0,471.0,2919981
2024-10-01,471.5,479.0,471.0,473.5,2119158
2024-10-04,472.0,484.5,472.0,481.0,3085803
2024-10-07,477.5,483.5,472.5,479.5,2104374
2024-10-08,475.0,479.0,472.0,474.0,2764827
2024-10-09,480.0,492.0,478.5,480.0,2560730
2024-10-11,480.0,489.0,478.0,483.5,1171450
2024-10-14,484.0,489.5,483.0,485.0,890833
2024-10-15,488.0,492.0,484.0,489.5,1248850
2024-10-16,479.0,480.0,473.5,477.5,3126425
2024-10-17,475.0,478.0,463.0,467.0,5501530
2024-10-18,473.0,478.0,464.0,465.0,3346055
2024-10-21,470.5,476.0,468.5,476.0,2692269
2024-10-22,477.0,483.0,474.0,481.0,3372800
2024-10-23,478.0,480.5,471.5,473.5,2711936
2024-10-24,480.0,491.0,478.0,483.0,4349493
2024-10-25,485.5,491.0,484.0,489.5,2084231
2024-10-28,488.5,490.5,481.5,483.0,1311909
2024-10-29,481.0,486.0,476.5,484.0,2004515
2024-10-30,487.0,487.5,478.5,478.5,1536394
2024-11-01,453.0,489.0,452.0,486.0,4431957
2024-11-04,484.5,487.0,474.0,482.5,1902767
2024-11-05,482.0,484.5,477.0,479.5,1398132
2024-11-06,483.0,498.0,480.0,491.0,2532232
2024-11-07,485.0,498.5,485.0,495.0,1748823
2024-11-08,494.0,505.0,494.0,500.0,2061144
2024-11-11,497.0,502.0,492.0,499.0,1228505
2024-11-12,491.5,506.0,490.0,490.0,2249202
2024-11-13,489.0,499.0,489.0,495.0,1602858
2024-11-14,494.0,495.5,485.0,487.0,2395173
2024-11-15,488.0,501.0,487.5,488.0,1620518
2024-11-18,489.0,501.0,488.0,497.0,3182870
2024-11-19,499.0,510.0,496.5,503.0,5145978
2024-11-20,502.0,505.0,496.0,496.0,4203226
2024-11-21,494.0,508.0,493.5,500.0,3760078
2024-11-22,506.0,506.0,484.5,484.5,3819550
2024-11-25,490.0,497.0,488.0,488.0,2644530
2024-11-26,486.0,495.0,481.5,481.5,2025404
2024-11-27,485.0,485.0,477.5,477.5,1386215
2024-11-28,480.0,480.0,468.5,471.5,2085601
2024-11-29,472.0,480.5,468.0,476.0,2105815
2024-12-02,479.5,497.5,479.5,492.0,1564914
2024-12-03,499.0,504.0,489.0,490.0,1811608
2024-12-04,490.5,511.0,490.5,508.0,2745548
2024-12-05,508.0,516.0,507.0,513.0,1538755
2024-12-06,519.0,537.0,517.0,524.0,5624284
2024-12-09,528.0,534.0,518.0,519.0,3681780
2024-12-10,520.0,528.0,518.0,521.0,3187655
2024-12-11,516.0,537.0,516.0,527.0,3796610
2024-12-12,527.0,534.0,525.0,525.0,2890895
2024-12-13,522.0,535.0,522.0,534.0,1909519
2024-12-16,530.0,544.0,529.0,533.0,3172849
2024-12-17,537.0,554.0,535.0,545.0,4703088
2024-12-18,539.0,550.0,534.0,548.0,2267956
2024-12-19,539.0,542.0,529.0,535.0,2658845
2024-12-20,532.0,545.0,529.0,529.0,3115147
2024-12-23,539.0,542.0,535.0,537.0,1516550
2024-12-24,541.0,542.0,530.0,532.0,985542
2024-12-25,534.0,535.0,526.0,535.0,666315
2024-12-26,538.0,553.0,536.0,553.0,1962247
2024-12-27,552.0,565.0,548.0,558.0,1866941
2024-12-30,561.0,568.0,554.0,564.0,3300295
2024-12-31,557.0,568.0,551.0,568.0,5525767
2025-01-02,563.0,564.0,536.0,545.0,4217125
2025-01-03,549.0,552.0,533.0,537.0,2938621
2025-01-06,539.0,545.0,536.0,540.0,2071254
2025-01-07,540.0,547.0,537.0,543.0,2333173
2025-01-08,543.0,547.0,537.0,540.0,2193132
2025-01-09,538.0,543.0,527.0,529.0,3124283
2025-01-10,531.0,541.0,525.0,525.0,1897895
2025-01-13,521.0,525.0,507.0,515.0,2798190
2025-01-14,515.0,521.0,513.0,519.0,1166996
2025-01-15,517.0,523.0,513.0,521.0,1592148
2025-01-16,530.0,537.0,526.0,526.0,1682907
2025-01-17,525.0,544.0,525.0,538.0,2663261
2025-01-20,539.0,546.0,534.0,538.0,1995288
2025-01-21,534.0,544.0,534.0,540.0,1427420
2025-01-22,540.0,549.0,537.0,542.0,2081753
2025-02-03,532.0,536.0,523.0,529.0,3239470
2025-02-04,536.0,576.0,536.0,569.0,6709542
2025-02-05,578.0,585.0,566.0,566.0,6304345
2025-02-06,555.0,564.0,535.0,539.0,7191467
2025-02-07,543.0,556.0,541.0,553.0,4053383
2025-02-10,552.0,560.0,547.0,557.0,3577925
2025-02-11,559.0,560.0,552.0,559.0,2316898
2025-02-12,560.0,568.0,556.0,557.0,2362789
2025-02-13,557.0,561.0,548.0,555.0,2936027
2025-02-14,555.0,557.0,544.0,548.0,2500099
2025-02-17,549.0,560.0,548.0,550.0,1575348
2025-02-18,550.0,552.0,546.0,551.0,1089745
2025-02-19,553.0,563.0,550.0,553.0,2366249
2025-02-20,554.0,560.0,550.0,555.0,1510453
2025-02-21,560.0,567.0,555.0,566.0,1821862
2025-02-24,561.0,568.0,560.0,568.0,1887173
2025-02-25,564.0,570.0,558.0,560.0,2189765
2025-02-26,559.0,564.0,552.0,562.0,2553060
2025-02-27,563.0,567.0,550.0,550.0,2315448
2025-03-03,556.0,556.0,546.0,555.0,2077459
2025-03-04,545.0,553.0,542.0,548.0,4167045
2025-03-05,551.0,562.0,550.0,555.0,2392072
2025-03-06,555.0,557.0,548.0,557.0,1649257
2025-03-07,553.0,563.0,552.0,555.0,1798844
2025-03-10,555.0,559.0,548.0,553.0,1732798
2025-03-11,544.0,562.0,540.0,560.0,4988287
2025-03-12,560.0,563.0,553.0,554.0,2064319
2025-03-13,555.0,557.0,538.0,538.0,1634324
2025-03-14,542.0,544.0,534.0,538.0,2309994
2025-03-17,542.0,544.0,534.0,535.0,1449134
2025-03-18,538.0,547.0,537.0,547.0,1397952
2025-03-19,547.0,549.0,539.0,541.0,1309135
2025-03-20,545.0,556.0,544.0,554.0,1633685
2025-03-21,550.0,562.0,549.0,560.0,2491727
2025-03-24,560.0,567.0,556.0,556.0,1838312
2025-03-25,560.0,567.0,558.0,562.0,2325775
2025-03-26,566.0,566.0,557.0,561.0,1480735
2025-03-27,554.0,556.0,545.0,545.0,1924546
2025-03-28,540.0,550.0,539.0,548.0,1943195
2025-03-31,537.0,541.0,523.0,523.0,3061733
2025-04-01,525.0,531.0,521.0,525.0,3372774
2025-04-02,526.0,542.0,526.0,530.0,2377298
2025-04-07,477.0,477.0,477.0,477.0,791352
2025-04-08,439.0,465.0,436.0,450.5,4986534
2025-04-09,442.0,458.5,432.5,440.0,5246874
2025-04-10,484.0,484.0,484.0,484.0,554558
2025-04-11,480.5,513.0,462.0,511.0,3697247
2025-04-14,516.0,517.0,500.0,500.0,3969242
2025-04-15,501.0,507.0,496.5,504.0,2325826
2025-04-16,498.0,508.0,495.0,499.0,2251311
2025-04-17,498.0,515.0,495.0,508.0,2018426
2025-04-18,513.0,513.0,499.5,505.0,1866176
2025-04-21,505.0,509.0,499.0,507.0,1138810
2025-04-22,508.0,510.0,496.0,496.0,1404030
2025-04-23,505.0,517.0,505.0,516.0,1950297
2025-04-24,516.0,518.0,506.0,506.0,1335350
2025-04-25,518.0,532.0,518.0,525.0,2644986
2025-04-28,525.0,531.0,519.0,524.0,1068108
2025-04-29,522.0,524.0,514.0,519.0,2058791
2025-04-30,521.0,527.0,518.0,524.0,1705962
2025-05-02,525.0,528.0,500.0,505.0,3689961
2025-05-05,508.0,508.0,492.0,499.0,3130138
2025-05-06,507.0,507.0,497.0,499.5,2403315
2025-05-07,505.0,511.0,498.5,503.0,2286990
2025-05-08,504.0,511.0,503.0,509.0,1479742
2025-05-09,511.0,517.0,508.0,513.0,2064892
2025-05-12,514.0,517.0,509.0,510.0,1235167
2025-05-13,523.0,533.0,518.0,520.0,3351847
2025-05-14,527.0,527.0,519.0,520.0,2561141
2025-05-15,521.0,527.0,516.0,517.0,2980374
2025-05-16,522.0,522.0,513.0,518.0,2100391
2025-05-19,514.0,519.0,513.0,513.0,1407642
2025-05-20,523.0,526.0,519.0,519.0,2229570
2025-05-21,525.0,526.0,519.0,525.0,1336077
2025-05-22,520.0,531.0,518.0,528.0,1636192
2025-05-23,533.0,533.0,517.0,518.0,2453934
2025-05-26,520.0,531.0,518.0,530.0,3060261
2025-05-27,525.0,529.0,519.0,521.0,3000033
2025-05-28,531.0,540.0,528.0,539.0,4204836
2025-05-29,545.0,546.0,532.0,541.0,4677755
2025-06-02,541.0,543.0,522.0,525.0,2469412
2025-06-03,526.0,543.0,523.0,543.0,3297509
2025-06-04,536.0,542.0,534.0,541.0,3099483
2025-06-05,540.0,552.0,539.0,546.0,2824885
2025-06-06,548.0,548.0,536.0,543.0,1881925
2025-06-09,545.0,552.0,542.0,550.0,1613178
2025-06-10,553.0,557.0,548.0,555.0,1519764
2025-06-11,557.0,563.0,555.0,562.0,1164149
2025-06-12,561.0,561.0,551.0,555.0,1570174
2025-06-13,549.0,553.0,546.0,550.0,1637642
2025-06-16,544.0,552.0,543.0,550.0,1373889
2025-06-17,555.0,560.0,552.0,557.0,1947150
2025-06-18,551.0,557.0,547.0,553.0,2031144
2025-06-19,580.0,590.0,553.0,556.0,5713324
2025-06-20,549.0,556.0,544.0,550.0,3733188
2025-06-23,542.0,549.0,539.0,545.0,2685103
2025-06-24,555.0,561.0,551.0,551.0,2436003
2025-06-25,556.0,564.0,556.0,559.0,2029259
2025-06-26,557.0,566.0,555.0,560.0,2276744
2025-06-27,556.0,568.0,556.0,564.0,1382676
2025-06-30,564.0,569.0,561.0,567.0,1224752
2025-07-01,567.0,569.0,558.0,561.0,1794091
2025-07-02,561.0,580.0,560.0,578.0,2862095
2025-07-03,580.0,583.0,570.0,575.0,1819011
2025-07-04,577.0,582.0,570.0,582.0,3285691
2025-07-07,581.0,581.0,566.0,569.0,1495397
2025-07-08,572.0,573.0,557.0,562.0,1558930
2025-07-09,560.0,575.0,560.0,574.0,1573706
2025-07-10,571.0,579.0,570.0,577.0,1580132
2025-07-11,578.0,581.0,576.0,578.0,1642910
2025-07-14,582.0,582.0,576.0,580.0,1382347
2025-07-15,577.0,579.0,573.0,573.0,1091380
2025-07-16,573.0,584.0,572.0,581.0,1929335
2025-07-17,581.0,585.0,579.0,584.0,1248300
2025-07-18,585.0,587.0,581.0,585.0,1579748
2025-07-21,584.0,585.0,574.0,577.0,1532692
2025-07-22,580.0,591.0,579.0,582.0,2400798
2025-07-23,588.0,593.0,573.0,575.0,2045376
2025-07-24,577.0,579.0,570.0,572.0,838318
2025-07-25,572.0,578.0,567.0,572.0,1140569
2025-07-28,578.0,578.0,570.0,576.0,788767
2025-07-29,576.0,581.0,571.0,576.0,1384378
2025-07-30,576.0,579.0,570.0,577.0,976767
2025-07-31,573.0,580.0,570.0,575.0,1275326
2025-08-01,563.0,565.0,550.0,550.0,4337447
2025-08-04,537.0,552.0,524.0,545.0,2785329
2025-08-05,552.0,562.0,548.0,559.0,3263839
2025-08-06,559.0,559.0,537.0,537.0,3445707
2025-08-07,539.0,547.0,535.0,536.0,2761031
2025-08-08,534.0,544.0,534.0,539.0,2597149
2025-08-11,539.0,539.0,532.0,533.0,1435322
2025-08-12,533.0,538.0,526.0,531.0,3428998
2025-08-13,528.0,538.0,528.0,535.0,3125291
2025-08-14,538.0,547.0,535.0,543.0,3686375
2025-08-15,540.0,542.0,534.0,540.0,1955520
2025-08-18,537.0,543.0,536.0,540.0,2203376
2025-08-19,537.0,541.0,532.0,532.0,2368183
2025-08-20,530.0,534.0,521.0,522.0,3291695
2025-08-21,526.0,531.0,523.0,525.0,2391256
2025-08-22,524.0,529.0,521.0,523.0,1630717
2025-08-25,530.0,538.0,530.0,534.0,1040155
2025-08-26,532.0,546.0,531.0,544.0,4176066
2025-08-27,542.0,548.0,539.0,545.0,2180905
2025-08-28,545.0,552.0,544.0,545.0,2736565
2025-08-29,546.0,551.0,534.0,534.0,2622935
2025-09-01,539.0,545.0,534.0,542.0,2072836
2025-09-02,546.0,550.0,540.0,547.0,1933179
2025-09-03,550.0,550.0,542.0,542.0,942487
2025-09-04,528.0,545.0,528.0,532.0,2798312
2025-09-05,540.0,541.0,532.0,539.0,2527246
2025-09-08,542.0,549.0,541.0,545.0,3414109
2025-09-09,545.0,547.0,536.0,540.0,3329942
2025-09-10,500.0,517.0,498.0,510.0,7966234
2025-09-11,515.0,533.0,511.0,525.0,3890986
2025-09-12,520.0,530.0,520.0,526.0,2151687
2025-09-15,521.0,530.0,521.0,526.0,1524388
2025-09-16,530.0,544.0,530.0,544.0,2917922
2025-09-17,545.0,546.0,536.0,542.0,1511108
2025-09-18,542.0,545.0,539.0,543.0,1613990
2025-09-19,544.0,546.0,540.0,544.0,2493576
2025-09-22,548.0,548.0,539.0,543.0,2072365
2025-09-23,542.0,546.0,540.0,540.0,1636573
2025-09-24,549.0,557.0,545.0,546.0,2847576
2025-09-25,549.0,550.0,540.0,540.0,2090351
2025-09-26,545.0,547.0,534.0,539.0,1262678
2025-09-30,549.0,555.0,540.0,550.0,3615398
2025-10-01,548.0,548.0,522.0,522.0,3608202
2025-10-02,522.0,531.0,522.0,527.0,1406993
2025-10-03,536.0,538.0,532.0,532.0,1236915
2025-10-07,535.0,549.0,534.0,546.0,1736253
2025-10-08,548.0,552.0,544.0,549.0,2199333
2025-10-09,554.0,563.0,552.0,555.0,1834472
2025-10-13,549.0,552.0,542.0,544.0,2939650
2025-10-14,557.0,563.0,541.0,541.0,2447876
2025-10-15,542.0,542.0,526.0,530.0,3453147
2025-10-16,536.0,539.0,532.0,535.0,1483463
2025-10-17,539.0,540.0,532.0,533.0,1425434
2025-10-20,540.0,541.0,529.0,531.0,1754783
2025-10-21,540.0,542.0,535.0,537.0,964766
2025-10-22,542.0,542.0,537.0,540.0,899653
2025-10-23,535.0,538.0,532.0,533.0,952795
2025-10-27,541.0,542.0,523.0,525.0,2435101
2025-10-28,526.0,528.0,512.0,517.0,3024258
2025-10-29,528.0,529.0,516.0,516.0,2083586
2025-10-30,516.0,516.0,509.0,512.0,1997636
2025-10-31,519.0,521.0,508.0,515.0,2345617
2025-12-01,526.0,533.0,522.0,533.0,2152828
2025-12-02,532.0,542.0,527.0,542.0,2355424
2025-12-03,542.0,544.0,536.0,538.0,1775265
2025-12-04,537.0,541.0,529.0,533.0,1258543
2025-12-05,529.0,533.0,524.0,533.0,1214118
2025-12-08,534.0,537.0,529.0,533.0,1962961
2025-12-09,535.0,535.0,528.0,534.0,1135253
2025-12-10,536.0,540.0,533.0,539.0,1427025
2025-12-11,542.0,543.0,528.0,532.0,1271792
2025-12-12,536.0,537.0,525.0,528.0,944446
2025-12-15,523.0,528.0,520.0,527.0,1542129
2025-12-16,521.0,523.0,510.0,514.0,1876585
2025-12-17,516.0,519.0,510.0,514.0,2352391
2025-12-18,513.0,516.0,505.0,507.0,2076057
2025-12-19,507.0,508.0,497.0,497.0,3309050
2025-12-22,500.0,501.0,492.0,492.0,1936679
2025-12-23,494.0,496.5,487.0,488.0,1678421
2025-12-24,500.0,500.0,487.5,490.5,1990359
2025-12-26,492.0,492.0,485.5,485.5,1557219
2025-12-29,486.0,488.5,482.5,484.0,27340800
2025-12-30,485.5,485.5,480.0,481.0,1027999
2025-12-31,484.5,490.0,483.0,489.0,1206212
2026-01-02,494.5,497.0,487.5,487.5,3520743
2026-01-05,496.0,497.0,488.5,493.5,2449446
2026-01-06,500.0,515.0,494.5,512.0,2859916
2026-01-07,523.0,530.0,518.0,530.0,2930914
2026-01-08,532.0,532.0,525.0,529.0,2753494
2026-01-09,525.0,525.0,507.0,510.0,2961614
2026-01-12,513.0,558.0,513.0,539.0,4499719
2026-01-13,592.0,592.0,567.0,576.0,16568587
2026-01-14,564.0,564.0,525.0,532.0,9230892
2026-01-15,534.0,534.0,505.0,513.0,6555682
2026-01-16,519.0,519.0,506.0,509.0,3355061
2026-01-19,509.0,522.0,501.0,515.0,3766567
2026-01-20,515.0,524.0,514.0,517.0,2453715
2026-01-21,513.0,514.0,502.0,502.0,2815980
2026-01-22,510.0,515.0,509.0,513.0,1851722
2026-01-23,513.0,519.0,506.0,507.0,3083885
2026-01-26,502.0,519.0,501.0,517.0,2713281
2026-01-27,523.0,532.0,518.0,530.0,3537339
2026-01-28,531.0,535.0,518.0,525.0,2791664
2026-01-29,484.0,518.0,483.0,511.0,7826934
2026-01-30,500.0,502.0,483.5,483.5,6750708
2026-02-02,483.5,487.5,470.0,475.0,3327256
2026-02-03,482.0,492.5,479.5,487.0,3426020
2026-02-04,485.0,486.0,475.5,476.0,4339419
2026-02-05,475.0,476.0,463.0,463.0,5453586
2026-02-06,459.5,474.5,457.0,472.5,3966758
2026-02-09,480.0,482.0,468.0,470.5,2894912
2026-02-10,470.5,480.0,470.5,478.5,1774861
2026-02-11,478.5,478.5,472.0,476.0,2457613
2026-02-23,498.0,498.0,469.0,476.0,5599110
2026-02-24,475.0,480.0,473.0,475.0,3208382
2026-02-25,476.0,481.5,474.0,474.5,2841614
2026-02-26,475.0,482.0,475.0,481.5,5131490
2026-03-02,481.5,481.5,472.0,477.5,3127399
2026-03-03,474.0,476.0,463.0,463.0,3391359
2026-03-04,454.5,456.0,445.0,445.0,4367096
2026-03-05,452.0,462.0,452.0,456.0,4408071
2026-03-06,456.0,465.0,453.0,463.0,1814129
2026-03-09,438.0,484.0,438.0,484.0,6138560
2026-03-10,471.0,473.5,453.5,460.0,5511012
2026-03-11,460.0,477.5,459.0,474.0,4154749
2026-03-12,469.0,479.0,466.5,473.0,3140319
2026-03-13,467.0,472.5,466.0,470.0,1682064
2026-03-16,477.5,480.0,472.5,480.0,2296741
2026-03-17,480.0,485.0,478.5,480.0,2441673
2026-03-18,485.0,485.0,476.5,482.0,2620087
2026-03-19,481.5,483.0,473.0,476.5,2813149
2026-03-20,473.5,481.5,472.5,479.5,14309205
2026-03-23,474.0,478.5,469.0,469.5,3350896
2026-03-24,479.5,484.0,474.5,480.5,1968864
2026-03-25,488.5,490.5,480.5,489.0,3044737
2026-03-26,488.5,495.0,485.0,489.0,2012020
2026-03-27,490.0,498.0,485.5,494.5,2943195
2026-03-30,488.0,492.5,481.0,488.0,2807371
2026-03-31,481.0,489.5,478.0,478.0,4170971
2026-04-01,491.5,491.5,480.5,484.5,2540042
2026-04-02,488.0,493.0,484.5,488.0,2417055
2026-04-07,493.0,503.0,490.5,499.0,2522654
2026-04-08,510.0,510.0,501.0,505.0,2766136
2026-04-09,506.0,512.0,502.0,512.0,3005180
2026-04-10,510.0,516.0,506.0,508.0,2424667
2026-04-13,510.0,525.0,500.0,525.0,3844236
2026-04-14,514.0,527.0,514.0,524.0,2925406
2026-04-15,527.0,530.0,522.0,525.0,3760306
2026-04-16,535.0,540.0,530.0,540.0,5860577
2026-04-17,531.0,538.0,528.0,531.0,3344687
2026-04-20,539.0,544.0,534.0,538.0,4706506
2026-04-21,538.0,560.0,538.0,551.0,4524013
2026-04-22,549.0,567.0,549.0,567.0,4284435
2026-04-23,569.0,575.0,535.0,542.0,6629583
2026-04-24,542.0,544.0,530.0,539.0,3724010
2026-04-27,545.0,558.0,537.0,555.0,3030589
2026-04-28,563.0,564.0,554.0,561.0,2444972
